"alpha","beta","lp__"
2.71966018209945,3.06319126369469,1026.32143947988
