"mu","phi","alpha","beta","lp__"
0.540855830492729,15.0330598429134,8.13071806618583,6.9023417767276,592.116133921436
