"mu","phi","alpha","beta","lp__"
0.539266671582067,11.8687800780524,6.40043752843088,5.46834254962155,20.9631859011648
