"mu","sigma","lp__"
1.94428631541219,1.32563264796171,-7.8055611850925
