"mu","phi","alpha","beta","lp__"
0.0460963439387529,3819.41782266939,176.061197599571,3643.35662506982,4272.75939792829
