"mu","phi","alpha","beta","lp__"
0.222837672694322,164.675628044863,36.6959337029931,127.97969434187,100821.660356017
