"mu","phi","alpha","beta","lp__"
0.45155712139902,25.5236788533277,11.5253989505217,13.998279902806,45985.207611644
